Symbol,Market,Date,Open,High,Low,Close,Volume
GLD,NYSEARCA,2021/04/12 16:00:00,162.73,162.8,161.81,162.28,4896669
GLD,NYSEARCA,2021/04/13 16:00:00,163.18,163.85,163.03,163.43,6995903
GLD,NYSEARCA,2021/04/14 16:00:00,162.77,163.05,162.3,162.72,6312296
GLD,NYSEARCA,2021/04/15 16:00:00,164.07,165.79,164.03,165.35,8250646
GLD,NYSEARCA,2021/04/16 16:00:00,166.24,166.81,165.94,166.35,10057602
GLD,NYSEARCA,2021/04/19 16:00:00,165.91,166.44,165.72,165.89,5721727
GLD,NYSEARCA,2021/04/20 16:00:00,165.65,166.81,165.62,166.48,6531979
GLD,NYSEARCA,2021/04/21 16:00:00,167.18,168.39,167.15,168.13,8380178
GLD,NYSEARCA,2021/04/22 16:00:00,167.11,167.53,166.49,167.04,7680140
SLV,NYSEARCA,2021/04/12 16:00:00,23.28,23.32,22.93,23.04,22788371
SLV,NYSEARCA,2021/04/13 16:00:00,23.51,23.66,23.47,23.51,18876642
SLV,NYSEARCA,2021/04/14 16:00:00,23.43,23.65,23.43,23.59,11107147
SLV,NYSEARCA,2021/04/15 16:00:00,23.78,24.13,23.76,24.03,29376612
SLV,NYSEARCA,2021/04/16 16:00:00,24.2,24.22,24.06,24.09,20854458
SLV,NYSEARCA,2021/04/19 16:00:00,23.93,24.05,23.79,23.98,16333332
SLV,NYSEARCA,2021/04/20 16:00:00,23.9,24.22,23.9,23.96,20911618
SLV,NYSEARCA,2021/04/21 16:00:00,24.15,24.74,24.12,24.7,32992878
SLV,NYSEARCA,2021/04/22 16:00:00,24.43,24.47,24.11,24.21,25916426
CPER,NYSEARCA,2021/04/12 16:00:00,24.82,24.88,24.69,24.82,143121
CPER,NYSEARCA,2021/04/13 16:00:00,24.95,24.97,24.78,24.91,138360
CPER,NYSEARCA,2021/04/14 16:00:00,25.19,25.5,25.14,25.38,235340
CPER,NYSEARCA,2021/04/15 16:00:00,25.94,26.15,25.88,26.11,530573
CPER,NYSEARCA,2021/04/16 16:00:00,25.99,25.99,25.67,25.78,395244
CPER,NYSEARCA,2021/04/19 16:00:00,26.33,26.38,26.02,26.21,311130
CPER,NYSEARCA,2021/04/20 16:00:00,26.25,26.41,25.9,25.91,240848
CPER,NYSEARCA,2021/04/21 16:00:00,26.17,26.51,26.11,26.51,245370
CPER,NYSEARCA,2021/04/22 16:00:00,26.41,26.47,26.21,26.31,159326
PPLT,NYSEARCA,2021/04/12 16:00:00,110.61,110.76,109.3,109.98,146567
PPLT,NYSEARCA,2021/04/13 16:00:00,109.74,110.72,108.03,108.41,493058
PPLT,NYSEARCA,2021/04/14 16:00:00,110.04,110.91,109.41,109.71,137527
PPLT,NYSEARCA,2021/04/15 16:00:00,111.82,112.63,111.56,112.06,97163
PPLT,NYSEARCA,2021/04/16 16:00:00,111.85,113.3,111.54,112.59,65735
PPLT,NYSEARCA,2021/04/19 16:00:00,113.3,114.33,112.24,113.25,74466
PPLT,NYSEARCA,2021/04/20 16:00:00,111.62,112.96,110.85,111.38,126587
PPLT,NYSEARCA,2021/04/21 16:00:00,111.3,114.38,111.3,114.35,108795
PPLT,NYSEARCA,2021/04/22 16:00:00,113.69,113.77,112.14,112.79,70464
PALL,NYSEARCA,2021/04/12 16:00:00,248.37,251.43,247.86,251.43,94489
PALL,NYSEARCA,2021/04/13 16:00:00,253.19,253.19,251.37,252.29,16111
PALL,NYSEARCA,2021/04/14 16:00:00,251.48,251.52,250.03,250.4,22708
PALL,NYSEARCA,2021/04/15 16:00:00,256.1,257.2,255.68,256.89,43114
PALL,NYSEARCA,2021/04/16 16:00:00,258,260.8,257.65,259.72,52528
PALL,NYSEARCA,2021/04/19 16:00:00,263.11,264.4,262.17,263.32,55686
PALL,NYSEARCA,2021/04/20 16:00:00,259.62,261.06,255.87,258.27,46581
PALL,NYSEARCA,2021/04/21 16:00:00,261.51,270.47,261.51,270.09,37903
PALL,NYSEARCA,2021/04/22 16:00:00,269.76,269.76,263.66,264.5,27336
ALUM,LON,2021/04/12 16:30:00,3.2,3.2,3.2,3.2,21
ALUM,LON,2021/04/14 16:30:00,3.27,3.29,3.27,3.28,17961
ALUM,LON,2021/04/15 16:30:00,3.32,3.33,3.31,3.31,2696
ALUM,LON,2021/04/16 16:30:00,3.29,3.29,3.28,3.27,41602
ALUM,LON,2021/04/19 16:30:00,3.31,3.31,3.29,3.3,40980
ALUM,LON,2021/04/20 16:30:00,3.3,3.3,3.26,3.26,53780
ALUM,LON,2021/04/21 16:30:00,3.27,3.34,3.27,3.33,365965
ALUM,LON,2021/04/22 16:30:00,3.33,3.35,3.33,3.34,194495
ZINC,LON,2021/04/12 16:30:00,8.54,8.6,8.54,8.48,103
ZINC,LON,2021/04/13 16:30:00,8.5,8.5,8.47,8.58,3344
ZINC,LON,2021/04/14 16:30:00,8.57,8.69,8.57,8.68,7504
ZINC,LON,2021/04/15 16:30:00,8.9,8.9,8.72,8.82,36252
ZINC,LON,2021/04/16 16:30:00,8.85,8.85,8.85,8.8,4000
ZINC,LON,2021/04/19 16:30:00,8.81,8.81,8.81,8.76,175
ZINC,LON,2021/04/20 16:30:00,8.93,8.93,8.93,8.63,1
ZINC,LON,2021/04/21 16:30:00,8.63,8.66,8.62,8.65,5068
ZINC,LON,2021/04/22 16:30:00,8.63,8.7,8.63,8.66,2504
LEED,LON,2021/04/14 16:30:00,17.08,17.08,17.08,17.13,1
LEED,LON,2021/04/15 16:30:00,17.43,17.43,17.43,17.28,2
LEED,LON,2021/04/16 16:30:00,17.61,17.61,17.35,17.51,15
LEED,LON,2021/04/21 16:30:00,17.5,17.5,17.5,17.34,20
LEED,LON,2021/04/22 16:30:00,17.45,17.58,17.45,17.5,2
NICK,LON,2021/04/12 16:30:00,15.18,15.28,15.1,15.1,12245
NICK,LON,2021/04/13 16:30:00,15.1,15.27,15.05,15.14,3715
NICK,LON,2021/04/14 16:30:00,15.12,15.32,15.12,15.25,18832
NICK,LON,2021/04/15 16:30:00,15.01,15.32,15.01,15.32,179318
NICK,LON,2021/04/16 16:30:00,15.34,15.39,15.33,15.3,2288
NICK,LON,2021/04/19 16:30:00,15.14,15.17,15.1,15.1,1501
NICK,LON,2021/04/20 16:30:00,15.16,15.19,14.96,14.97,15658
NICK,LON,2021/04/21 16:30:00,15.12,15.22,15.04,15.14,21634
NICK,LON,2021/04/22 16:30:00,15.06,15.07,14.99,15.04,7942
TINM,LON,2021/04/13 16:30:00,49.2,49.2,49.2,48.82,83
TINM,LON,2021/04/14 16:30:00,49.49,49.63,49.42,50.03,210
TINM,LON,2021/04/15 16:30:00,49.07,49.98,49.07,50.32,344
TINM,LON,2021/04/16 16:30:00,50.62,51.82,50.62,50.89,381
TINM,LON,2021/04/19 16:30:00,50.87,50.87,50.87,51.08,3
TINM,LON,2021/04/20 16:30:00,50.17,51.44,50.17,51.32,45
TINM,LON,2021/04/21 16:30:00,50.47,51.87,50.47,51.41,127
TINM,LON,2021/04/22 16:30:00,53.67,53.67,50.98,51.34,65
GLTR,NYSEARCA,2021/04/12 16:00:00,94.32,94.32,93.69,93.97,58251
GLTR,NYSEARCA,2021/04/13 16:00:00,94.83,95.15,94.68,94.92,74681
GLTR,NYSEARCA,2021/04/14 16:00:00,94.64,94.85,94.47,94.64,45631
GLTR,NYSEARCA,2021/04/15 16:00:00,95.75,96.59,95.75,96.39,64164
GLTR,NYSEARCA,2021/04/16 16:00:00,96.94,97.2,96.91,97.06,35469
GLTR,NYSEARCA,2021/04/19 16:00:00,96.99,97.22,96.75,97.01,32859
GLTR,NYSEARCA,2021/04/20 16:00:00,96.57,97.23,96.51,96.8,39896
GLTR,NYSEARCA,2021/04/21 16:00:00,97.44,98.97,97.44,98.89,41499
GLTR,NYSEARCA,2021/04/22 16:00:00,98.28,98.33,97.43,97.71,39607
DBB,NYSEARCA,2021/04/12 16:00:00,18.85,18.86,18.75,18.8,280007
DBB,NYSEARCA,2021/04/13 16:00:00,18.93,18.99,18.88,18.98,334933
DBB,NYSEARCA,2021/04/14 16:00:00,19.1,19.28,19.1,19.23,499061
DBB,NYSEARCA,2021/04/15 16:00:00,19.49,19.53,19.42,19.5,437498
DBB,NYSEARCA,2021/04/16 16:00:00,19.48,19.48,19.3,19.36,498968
DBB,NYSEARCA,2021/04/19 16:00:00,19.6,19.6,19.45,19.52,185132
DBB,NYSEARCA,2021/04/20 16:00:00,19.5,19.52,19.27,19.34,140981
DBB,NYSEARCA,2021/04/21 16:00:00,19.44,19.64,19.37,19.63,244875
DBB,NYSEARCA,2021/04/22 16:00:00,19.6,19.61,19.44,19.45,163474
USO,NYSEARCA,2021/04/12 16:00:00,41.28,41.57,40.77,40.9,5998437
USO,NYSEARCA,2021/04/13 16:00:00,41.33,41.48,41.15,41.4,5063623
USO,NYSEARCA,2021/04/14 16:00:00,42.15,43.39,42.01,43.04,9353490
USO,NYSEARCA,2021/04/15 16:00:00,43.06,43.44,42.88,43.27,4391563
USO,NYSEARCA,2021/04/16 16:00:00,43.34,43.38,42.98,43.18,4680019
USO,NYSEARCA,2021/04/19 16:00:00,43.22,43.49,43.05,43.32,3324511
USO,NYSEARCA,2021/04/20 16:00:00,43.35,43.42,42.04,42.74,6415215
USO,NYSEARCA,2021/04/21 16:00:00,41.79,42.55,41.72,41.77,5800325
USO,NYSEARCA,2021/04/22 16:00:00,42.24,42.26,41.6,42.09,3278051
UGA,NYSEARCA,2021/04/12 16:00:00,31.79,32.03,31.37,31.59,95413
UGA,NYSEARCA,2021/04/13 16:00:00,31.79,31.83,31.53,31.77,199737
UGA,NYSEARCA,2021/04/14 16:00:00,31.89,32.8,31.85,32.57,68235
UGA,NYSEARCA,2021/04/15 16:00:00,32.58,32.95,32.44,32.87,64391
UGA,NYSEARCA,2021/04/16 16:00:00,33,33,32.7,32.72,51718
UGA,NYSEARCA,2021/04/19 16:00:00,32.72,32.93,32.57,32.81,26299
UGA,NYSEARCA,2021/04/20 16:00:00,32.82,32.83,31.96,32.36,61715
UGA,NYSEARCA,2021/04/21 16:00:00,31.76,32.29,31.65,31.69,85403
UGA,NYSEARCA,2021/04/22 16:00:00,31.98,31.98,31.57,31.83,33131
UNG,NYSEARCA,2021/04/12 16:00:00,9.5,9.51,9.32,9.42,2429920
UNG,NYSEARCA,2021/04/13 16:00:00,9.57,9.72,9.56,9.65,2554594
UNG,NYSEARCA,2021/04/14 16:00:00,9.7,9.74,9.61,9.63,1396134
UNG,NYSEARCA,2021/04/15 16:00:00,9.6,9.87,9.55,9.8,2468687
UNG,NYSEARCA,2021/04/16 16:00:00,9.86,9.89,9.81,9.88,1218669
UNG,NYSEARCA,2021/04/19 16:00:00,9.94,10.11,9.93,10.09,2359871
UNG,NYSEARCA,2021/04/20 16:00:00,10.05,10.1,10.03,10.04,1521015
UNG,NYSEARCA,2021/04/21 16:00:00,9.91,9.97,9.85,9.95,1279289
UNG,NYSEARCA,2021/04/22 16:00:00,9.87,10.25,9.86,10.15,3369305
KRBN,NYSEARCA,2021/04/12 16:00:00,29.82,29.86,29.68,29.77,150437
KRBN,NYSEARCA,2021/04/13 16:00:00,29.89,29.93,29.39,29.52,243316
KRBN,NYSEARCA,2021/04/14 16:00:00,29.7,29.7,29.35,29.58,201470
KRBN,NYSEARCA,2021/04/15 16:00:00,29.85,29.93,29.64,29.86,236811
KRBN,NYSEARCA,2021/04/16 16:00:00,30.05,30.05,29.8,29.89,228563
KRBN,NYSEARCA,2021/04/19 16:00:00,30.11,30.12,29.55,29.73,220424
KRBN,NYSEARCA,2021/04/20 16:00:00,30.04,30.36,29.94,30.36,474123
KRBN,NYSEARCA,2021/04/21 16:00:00,30.6,31,30.52,31,362858
KRBN,NYSEARCA,2021/04/22 16:00:00,31.47,31.47,31.01,31.16,419384
CORN,NYSEARCA,2021/04/12 16:00:00,17.86,17.86,17.61,17.65,210705
CORN,NYSEARCA,2021/04/13 16:00:00,17.79,18.08,17.78,18.01,215293
CORN,NYSEARCA,2021/04/14 16:00:00,18.23,18.48,18.2,18.39,250522
CORN,NYSEARCA,2021/04/15 16:00:00,18.54,18.54,18.26,18.4,218613
CORN,NYSEARCA,2021/04/16 16:00:00,18.5,18.5,18.26,18.37,230563
CORN,NYSEARCA,2021/04/19 16:00:00,18.5,18.64,18.5,18.6,265141
CORN,NYSEARCA,2021/04/20 16:00:00,18.73,19.08,18.73,18.98,419338
CORN,NYSEARCA,2021/04/21 16:00:00,18.93,19.4,18.77,19.25,356011
CORN,NYSEARCA,2021/04/22 16:00:00,19.42,20.1,19.29,20,514871
WEAT,NYSEARCA,2021/04/12 16:00:00,6.19,6.19,6.08,6.12,374616
WEAT,NYSEARCA,2021/04/13 16:00:00,6.17,6.21,6.15,6.17,169313
WEAT,NYSEARCA,2021/04/14 16:00:00,6.21,6.38,6.21,6.31,553818
WEAT,NYSEARCA,2021/04/15 16:00:00,6.34,6.39,6.23,6.35,615095
WEAT,NYSEARCA,2021/04/16 16:00:00,6.4,6.41,6.31,6.37,216381
WEAT,NYSEARCA,2021/04/19 16:00:00,6.38,6.39,6.33,6.34,239450
WEAT,NYSEARCA,2021/04/20 16:00:00,6.4,6.58,6.38,6.43,648787
WEAT,NYSEARCA,2021/04/21 16:00:00,6.48,6.59,6.41,6.56,399320
WEAT,NYSEARCA,2021/04/22 16:00:00,6.59,6.93,6.54,6.88,1014816
SOYB,NYSEARCA,2021/04/12 16:00:00,21.5,21.5,21.01,21.16,105264
SOYB,NYSEARCA,2021/04/13 16:00:00,21.19,21.31,21.13,21.16,26179
SOYB,NYSEARCA,2021/04/14 16:00:00,21.28,21.46,21.25,21.32,72780
SOYB,NYSEARCA,2021/04/15 16:00:00,21.4,21.47,21.35,21.42,65272
SOYB,NYSEARCA,2021/04/16 16:00:00,21.46,21.68,21.46,21.57,70878
SOYB,NYSEARCA,2021/04/19 16:00:00,21.66,21.76,21.57,21.7,48489
SOYB,NYSEARCA,2021/04/20 16:00:00,21.99,22.13,21.94,22.01,105188
SOYB,NYSEARCA,2021/04/21 16:00:00,21.93,22.24,21.93,22.23,119023
SOYB,NYSEARCA,2021/04/22 16:00:00,22.42,22.78,22.32,22.66,155051
SOYO,LON,2021/04/12 16:30:00,5.31,5.31,5.31,5.26,26
SOYO,LON,2021/04/13 16:30:00,5.28,5.38,5.28,5.39,1010
SOYO,LON,2021/04/14 16:30:00,5.4,5.49,5.4,5.49,259
SOYO,LON,2021/04/15 16:30:00,5.66,5.66,5.47,5.52,129
SOYO,LON,2021/04/16 16:30:00,5.65,5.68,5.65,5.66,772
SOYO,LON,2021/04/19 16:30:00,5.7,5.74,5.63,5.67,43
SOYO,LON,2021/04/20 16:30:00,5.9,5.9,5.78,5.78,136
SOYO,LON,2021/04/21 16:30:00,5.92,6,5.82,5.98,4873
SOYO,LON,2021/04/22 16:30:00,6.14,6.15,6.11,6.24,51
CATL,LON,2021/04/12 16:30:00,5.6,5.78,5.6,5.69,1381
CATL,LON,2021/04/13 16:30:00,5.7,5.72,5.7,5.65,6
CATL,LON,2021/04/15 16:30:00,5.48,5.64,5.48,5.55,237
CATL,LON,2021/04/16 16:30:00,5.64,5.64,5.46,5.55,4570
CATL,LON,2021/04/19 16:30:00,5.62,5.62,5.56,5.49,1605
CATL,LON,2021/04/20 16:30:00,5.7,5.7,5.41,5.49,1472
CATL,LON,2021/04/21 16:30:00,5.48,5.48,5.46,5.47,28
CATL,LON,2021/04/22 16:30:00,5.67,5.67,5.41,5.41,1651
HOGS,LON,2021/04/12 16:30:00,0.41,0.41,0.41,0.41,38895
HOGS,LON,2021/04/13 16:30:00,0.41,0.41,0.4,0.4,14024
HOGS,LON,2021/04/14 16:30:00,0.4,0.4,0.4,0.4,300
HOGS,LON,2021/04/15 16:30:00,0.41,0.41,0.41,0.4,433
HOGS,LON,2021/04/16 16:30:00,0.39,0.4,0.39,0.39,3423
HOGS,LON,2021/04/19 16:30:00,0.39,0.39,0.39,0.39,4014
HOGS,LON,2021/04/20 16:30:00,0.4,0.4,0.4,0.4,112
HOGS,LON,2021/04/21 16:30:00,0.41,0.41,0.41,0.4,964
HOGS,LON,2021/04/22 16:30:00,0.39,0.4,0.39,0.4,2971
AIGL,LON,2021/04/12 16:30:00,2.42,2.42,2.42,2.39,100
AIGL,LON,2021/04/13 16:30:00,2.35,2.36,2.33,2.35,1400
AIGL,LON,2021/04/14 16:30:00,2.36,2.36,2.32,2.34,16228
AIGL,LON,2021/04/15 16:30:00,2.34,2.34,2.34,2.32,800
AIGL,LON,2021/04/19 16:30:00,2.32,2.32,2.32,2.31,860
AIGL,LON,2021/04/21 16:30:00,2.36,2.36,2.36,2.29,2000
CANE,NYSEARCA,2021/04/12 16:00:00,7.42,7.42,7.28,7.28,70181
CANE,NYSEARCA,2021/04/13 16:00:00,7.35,7.42,7.35,7.36,30481
CANE,NYSEARCA,2021/04/14 16:00:00,7.41,7.54,7.41,7.52,74373
CANE,NYSEARCA,2021/04/15 16:00:00,7.56,7.71,7.56,7.65,72989
CANE,NYSEARCA,2021/04/16 16:00:00,7.73,7.8,7.7,7.8,70501
CANE,NYSEARCA,2021/04/19 16:00:00,7.79,7.79,7.65,7.66,61206
CANE,NYSEARCA,2021/04/20 16:00:00,7.8,7.91,7.77,7.86,97527
CANE,NYSEARCA,2021/04/21 16:00:00,7.79,7.94,7.79,7.94,68520
CANE,NYSEARCA,2021/04/22 16:00:00,7.96,8,7.92,7.97,56944
COFF,LON,2021/04/12 16:30:00,0.81,0.82,0.81,0.82,131651
COFF,LON,2021/04/13 16:30:00,0.82,0.84,0.82,0.83,86061
COFF,LON,2021/04/14 16:30:00,0.83,0.85,0.83,0.84,84900
COFF,LON,2021/04/15 16:30:00,0.83,0.85,0.83,0.84,72029
COFF,LON,2021/04/16 16:30:00,0.85,0.85,0.83,0.83,72611
COFF,LON,2021/04/19 16:30:00,0.83,0.83,0.83,0.83,14404
COFF,LON,2021/04/20 16:30:00,0.82,0.84,0.82,0.84,56506
COFF,LON,2021/04/21 16:30:00,0.84,0.85,0.83,0.84,111915
COFF,LON,2021/04/22 16:30:00,0.85,0.85,0.83,0.85,100648
LCOC,LON,2021/04/12 16:30:00,6.81,7.04,6.66,6.67,2035
LCOC,LON,2021/04/13 16:30:00,6.95,7,6.95,7,6035
LCOC,LON,2021/04/14 16:30:00,7.02,7.1,6.98,7.01,1158
LCOC,LON,2021/04/15 16:30:00,6.87,7.18,6.87,7.11,4976
LCOC,LON,2021/04/16 16:30:00,7.2,7.2,6.99,7.08,1130
LCOC,LON,2021/04/19 16:30:00,7.22,7.26,7.16,7.19,6949
LCOC,LON,2021/04/20 16:30:00,7.09,7.13,6.94,6.86,2248
LCOC,LON,2021/04/21 16:30:00,6.9,6.93,6.9,6.92,1936
LCOC,LON,2021/04/22 16:30:00,7.03,7.03,6.94,6.93,3014
COTN,LON,2021/04/12 16:30:00,2.4,2.4,2.34,2.35,2
COTN,LON,2021/04/14 16:30:00,2.43,2.43,2.42,2.41,23911
COTN,LON,2021/04/15 16:30:00,2.53,2.53,2.44,2.45,8245
COTN,LON,2021/04/16 16:30:00,2.49,2.49,2.44,2.44,5127
COTN,LON,2021/04/19 16:30:00,2.45,2.47,2.45,2.45,1019
COTN,LON,2021/04/20 16:30:00,2.46,2.46,2.46,2.45,4
COTN,LON,2021/04/22 16:30:00,2.49,2.49,2.47,2.49,16
AIGG,LON,2021/04/12 16:30:00,3.83,3.83,3.82,3.79,71
AIGG,LON,2021/04/13 16:30:00,3.83,3.83,3.83,3.83,3259
AIGG,LON,2021/04/14 16:30:00,3.84,3.89,3.84,3.9,3090
AIGG,LON,2021/04/15 16:30:00,3.94,3.94,3.89,3.92,46600
AIGG,LON,2021/04/16 16:30:00,3.92,3.92,3.92,3.92,1955
AIGG,LON,2021/04/21 16:30:00,4.04,4.04,4.04,4.09,300
AIGG,LON,2021/04/22 16:30:00,4.14,4.18,4.14,4.21,5652
DBA,NYSEARCA,2021/04/12 16:00:00,17.25,17.25,17.14,17.15,674681
DBA,NYSEARCA,2021/04/13 16:00:00,17.25,17.34,17.24,17.29,791445
DBA,NYSEARCA,2021/04/14 16:00:00,17.39,17.55,17.39,17.49,880222
DBA,NYSEARCA,2021/04/15 16:00:00,17.58,17.58,17.48,17.53,832558
DBA,NYSEARCA,2021/04/16 16:00:00,17.58,17.63,17.45,17.49,606978
DBA,NYSEARCA,2021/04/19 16:00:00,17.55,17.61,17.5,17.55,434189
DBA,NYSEARCA,2021/04/20 16:00:00,17.7,17.82,17.7,17.76,1442625
DBA,NYSEARCA,2021/04/21 16:00:00,17.76,17.87,17.7,17.84,756654
DBA,NYSEARCA,2021/04/22 16:00:00,17.9,18.13,17.82,18.06,1553165
CRBU,LON,2021/04/12 16:30:00,17.76,17.77,17.66,17.69,23813
CRBU,LON,2021/04/13 16:30:00,17.7,17.77,17.65,17.82,3209
CRBU,LON,2021/04/14 16:30:00,18.02,18.02,17.93,18.12,7021
CRBU,LON,2021/04/15 16:30:00,18.27,18.33,18.23,18.29,203500
CRBU,LON,2021/04/16 16:30:00,18.33,18.4,18.33,18.29,2780
CRBU,LON,2021/04/19 16:30:00,18.37,18.4,18.32,18.33,51925
CRBU,LON,2021/04/20 16:30:00,18.48,18.51,18.44,18.27,8580
CRBU,LON,2021/04/21 16:30:00,18.34,18.41,18.21,18.35,14630
CRBU,LON,2021/04/22 16:30:00,18.34,18.35,18.29,18.43,9547
DIA,NYSEARCA,2021/04/12 16:00:00,337.26,337.86,336.65,337.55,2951503
DIA,NYSEARCA,2021/04/13 16:00:00,336.63,337.42,335.49,336.79,3391673
DIA,NYSEARCA,2021/04/14 16:00:00,336.81,339.11,336.74,337.53,3966835
DIA,NYSEARCA,2021/04/15 16:00:00,338.83,340.72,338.83,340.44,3881795
DIA,NYSEARCA,2021/04/16 16:00:00,341.73,342.43,340.98,341.86,3748913
DIA,NYSEARCA,2021/04/19 16:00:00,341.07,341.31,339.65,340.75,3222821
DIA,NYSEARCA,2021/04/20 16:00:00,339.4,339.86,336.75,338.12,3762864
DIA,NYSEARCA,2021/04/21 16:00:00,337.63,341.54,337.56,341.3,4191221
DIA,NYSEARCA,2021/04/22 16:00:00,341.12,341.21,337.09,338.12,4962486
VOO,NYSEARCA,2021/04/12 16:00:00,377.7,378.65,377.08,378.42,2747529
VOO,NYSEARCA,2021/04/13 16:00:00,378.37,380.12,377.92,379.45,2985533
VOO,NYSEARCA,2021/04/14 16:00:00,379.46,380.51,377.7,378.23,3691057
VOO,NYSEARCA,2021/04/15 16:00:00,380.33,382.54,380.28,382.29,3573828
VOO,NYSEARCA,2021/04/16 16:00:00,383.56,384.15,382.19,383.63,3252459
VOO,NYSEARCA,2021/04/19 16:00:00,382.62,383.09,380.37,381.74,3945743
VOO,NYSEARCA,2021/04/20 16:00:00,380.49,381.16,377.47,378.94,4106739
VOO,NYSEARCA,2021/04/21 16:00:00,378.28,382.67,378.14,382.5,3640080
VOO,NYSEARCA,2021/04/22 16:00:00,382.32,383.12,377.96,378.99,3965016
QQQ,NASDAQ,2021/04/12 16:00:00,336.04,337.1,334.73,336.67,25833013
QQQ,NASDAQ,2021/04/13 16:00:00,338.24,341.08,338.02,340.6,30374033
QQQ,NASDAQ,2021/04/14 16:00:00,340.85,340.98,335.67,336.51,42564337
QQQ,NASDAQ,2021/04/15 16:00:00,339.47,342.01,336.22,341.61,36342821
QQQ,NASDAQ,2021/04/16 16:00:00,342.15,342.23,340.08,342.01,40860099
QQQ,NASDAQ,2021/04/19 16:00:00,340.39,341.58,336.9,338.88,34533129
QQQ,NASDAQ,2021/04/20 16:00:00,338.2,339.52,334.38,336.41,38081818
QQQ,NASDAQ,2021/04/21 16:00:00,335.09,339.48,333.97,339.29,36598082
QQQ,NASDAQ,2021/04/22 16:00:00,338.89,339.9,334.01,335.2,45936143
IWB,NYSEARCA,2021/04/12 16:00:00,232.25,232.79,231.78,232.57,528515
IWB,NYSEARCA,2021/04/13 16:00:00,232.57,233.92,232.55,233.54,424343
IWB,NYSEARCA,2021/04/14 16:00:00,233.5,234.28,232.43,232.78,694363
IWB,NYSEARCA,2021/04/15 16:00:00,234.26,235.45,233.75,235.4,833787
IWB,NYSEARCA,2021/04/16 16:00:00,236.04,236.35,235.17,236.04,721799
IWB,NYSEARCA,2021/04/19 16:00:00,235.53,235.71,233.89,234.67,669046
IWB,NYSEARCA,2021/04/20 16:00:00,234.12,234.47,231.97,232.8,584751
IWB,NYSEARCA,2021/04/21 16:00:00,232.48,235.26,232.35,235.21,740353
IWB,NYSEARCA,2021/04/22 16:00:00,235.15,235.85,232.61,233.26,409468
IWM,NYSEARCA,2021/04/12 16:00:00,222.72,222.93,220.4,221.72,20533914
IWM,NYSEARCA,2021/04/13 16:00:00,221.48,222.57,218.83,221.14,24608360
IWM,NYSEARCA,2021/04/14 16:00:00,221.87,226,221.8,223.32,27361960
IWM,NYSEARCA,2021/04/15 16:00:00,225.09,225.12,222.26,224.29,20587325
IWM,NYSEARCA,2021/04/16 16:00:00,225.4,225.68,223.01,224.65,23942972
IWM,NYSEARCA,2021/04/19 16:00:00,223.71,224.66,219.94,221.73,25285933
IWM,NYSEARCA,2021/04/20 16:00:00,220.77,221.62,215.24,217.19,35570761
IWM,NYSEARCA,2021/04/21 16:00:00,217.02,222.62,215.5,222.5,31147779
IWM,NYSEARCA,2021/04/22 16:00:00,223.26,225.33,220.78,221.58,31943659
IWV,NYSEARCA,2021/04/12 16:00:00,245.93,246.31,245.22,246.11,138625
IWV,NYSEARCA,2021/04/13 16:00:00,246.05,247.42,246,246.91,148901
IWV,NYSEARCA,2021/04/14 16:00:00,246.95,248.04,246.05,246.29,171405
IWV,NYSEARCA,2021/04/15 16:00:00,247.66,249.06,247.66,248.85,95040
IWV,NYSEARCA,2021/04/16 16:00:00,249.93,250.01,248.7,249.78,117498
IWV,NYSEARCA,2021/04/19 16:00:00,249.26,249.37,247.31,248.13,77252
IWV,NYSEARCA,2021/04/20 16:00:00,247.29,247.84,245,245.99,125485
IWV,NYSEARCA,2021/04/21 16:00:00,245.67,248.71,245.57,248.71,233681
IWV,NYSEARCA,2021/04/22 16:00:00,248.61,249.53,246.06,246.67,87899
VTI,NYSEARCA,2021/04/12 16:00:00,214.06,214.37,213.33,214.2,3882769
VTI,NYSEARCA,2021/04/13 16:00:00,214.36,215.28,214,214.8,4056878
VTI,NYSEARCA,2021/04/14 16:00:00,215.06,215.87,214.04,214.32,3765609
VTI,NYSEARCA,2021/04/15 16:00:00,215.73,216.67,215.46,216.6,5439597
VTI,NYSEARCA,2021/04/16 16:00:00,217.46,217.47,216.32,217.15,4306032
VTI,NYSEARCA,2021/04/19 16:00:00,216.73,216.91,215,215.73,3986856
VTI,NYSEARCA,2021/04/20 16:00:00,215.22,215.54,212.92,213.75,5210303
VTI,NYSEARCA,2021/04/21 16:00:00,213.65,216.33,213.25,216.3,3167862
VTI,NYSEARCA,2021/04/22 16:00:00,216.45,217.04,213.88,214.61,4394838
EWC,NYSEARCA,2021/04/12 16:00:00,34.96,35.11,34.91,34.95,1824917
EWC,NYSEARCA,2021/04/13 16:00:00,35.1,35.1,34.96,35.08,2425721
EWC,NYSEARCA,2021/04/14 16:00:00,35.03,35.26,35.01,35.08,2579458
EWC,NYSEARCA,2021/04/15 16:00:00,35.29,35.32,35.16,35.3,7375048
EWC,NYSEARCA,2021/04/16 16:00:00,35.43,35.48,35.29,35.38,1992650
EWC,NYSEARCA,2021/04/19 16:00:00,35.42,35.49,35.01,35.12,2806093
EWC,NYSEARCA,2021/04/20 16:00:00,34.9,34.95,34.38,34.48,2269622
EWC,NYSEARCA,2021/04/21 16:00:00,34.44,35.07,34.42,35.05,3710168
EWC,NYSEARCA,2021/04/22 16:00:00,34.97,35.01,34.72,34.82,2994047
EWZ,NYSEARCA,2021/04/12 16:00:00,33.94,34.01,33.31,33.52,19094623
EWZ,NYSEARCA,2021/04/13 16:00:00,33.29,34.13,33.24,33.65,22564202
EWZ,NYSEARCA,2021/04/14 16:00:00,33.77,34.53,33.76,34.34,28428089
EWZ,NYSEARCA,2021/04/15 16:00:00,34.96,35.03,34.56,34.73,36858324
EWZ,NYSEARCA,2021/04/16 16:00:00,34.5,35.26,34.34,35.06,34102705
EWZ,NYSEARCA,2021/04/19 16:00:00,34.88,35.67,34.84,35.27,39497978
EWZ,NYSEARCA,2021/04/20 16:00:00,35.36,35.52,34.86,35.02,28893459
EWZ,NYSEARCA,2021/04/21 16:00:00,34.85,35.2,34.52,35.1,16611783
EWZ,NYSEARCA,2021/04/22 16:00:00,35.57,35.61,35.05,35.4,32128823
ARGT,NYSEARCA,2021/04/12 16:00:00,29.75,29.85,29.57,29.72,13534
ARGT,NYSEARCA,2021/04/13 16:00:00,29.64,29.86,29.64,29.84,9473
ARGT,NYSEARCA,2021/04/14 16:00:00,29.81,29.85,29.61,29.61,1261
ARGT,NYSEARCA,2021/04/15 16:00:00,30.06,30.21,30.03,30.15,30632
ARGT,NYSEARCA,2021/04/16 16:00:00,30.2,30.41,30.09,30.41,2052
ARGT,NYSEARCA,2021/04/19 16:00:00,30.29,30.29,30.07,30.12,4322
ARGT,NYSEARCA,2021/04/20 16:00:00,30.04,30.04,29.46,29.93,8782
ARGT,NYSEARCA,2021/04/21 16:00:00,29.71,30.31,29.71,30.27,19443
ARGT,NYSEARCA,2021/04/22 16:00:00,30.2,30.27,29.89,29.92,42012
ECH,BATS,2021/04/12 16:00:00,34.85,35.19,34.61,34.84,237081
ECH,BATS,2021/04/13 16:00:00,35.08,35.15,34.6,34.79,173854
ECH,BATS,2021/04/14 16:00:00,34.79,35.03,34.6,34.73,153732
ECH,BATS,2021/04/15 16:00:00,34.96,35.4,34.94,35.34,640131
ECH,BATS,2021/04/16 16:00:00,35.5,35.71,35.37,35.68,290300
ECH,BATS,2021/04/19 16:00:00,35.82,35.88,35.51,35.8,347716
ECH,BATS,2021/04/20 16:00:00,35.83,35.92,35.38,35.52,313065
ECH,BATS,2021/04/21 16:00:00,35.32,35.78,35.32,35.44,149221
ECH,BATS,2021/04/22 16:00:00,35.5,35.89,34.27,34.44,364066
GXG,NYSEARCA,2021/04/12 16:00:00,29.4,29.4,29.06,29.11,3916
GXG,NYSEARCA,2021/04/13 16:00:00,29.03,29.05,28.77,28.95,6419
GXG,NYSEARCA,2021/04/14 16:00:00,28.96,29.11,28.69,29.11,46153
GXG,NYSEARCA,2021/04/15 16:00:00,29.1,29.48,29.1,29.46,4891
GXG,NYSEARCA,2021/04/16 16:00:00,29.72,29.87,29.58,29.78,42732
GXG,NYSEARCA,2021/04/19 16:00:00,29.51,29.51,29,29.21,55824
GXG,NYSEARCA,2021/04/20 16:00:00,29.05,29.28,28.83,28.88,4242
GXG,NYSEARCA,2021/04/21 16:00:00,28.73,29.06,28.63,28.87,43264
GXG,NYSEARCA,2021/04/22 16:00:00,29.01,29.06,28.56,28.72,5772
EPU,NYSEARCA,2021/04/12 16:00:00,35.41,35.91,35.15,35.72,43692
EPU,NYSEARCA,2021/04/13 16:00:00,35.7,35.86,35.65,35.7,3224
EPU,NYSEARCA,2021/04/14 16:00:00,35.88,35.9,35.15,35.18,72299
EPU,NYSEARCA,2021/04/15 16:00:00,35.53,35.67,35.33,35.65,45970
EPU,NYSEARCA,2021/04/16 16:00:00,35.6,35.95,35.6,35.83,27715
EPU,NYSEARCA,2021/04/19 16:00:00,35.8,35.8,34.25,34.4,262122
EPU,NYSEARCA,2021/04/20 16:00:00,34.31,34.31,32.81,32.84,354257
EPU,NYSEARCA,2021/04/21 16:00:00,32.67,33.08,32.58,32.94,423911
EPU,NYSEARCA,2021/04/22 16:00:00,32.72,32.72,31.51,31.53,474259
EWW,NYSEARCA,2021/04/12 16:00:00,45.12,45.52,44.82,44.96,1661905
EWW,NYSEARCA,2021/04/13 16:00:00,44.9,45.38,44.56,45.27,1444245
EWW,NYSEARCA,2021/04/14 16:00:00,45.46,46.12,45.33,45.99,3260161
EWW,NYSEARCA,2021/04/15 16:00:00,46.38,46.59,46.05,46.41,2072062
EWW,NYSEARCA,2021/04/16 16:00:00,46.51,46.94,46.18,46.59,1326110
EWW,NYSEARCA,2021/04/19 16:00:00,46.76,46.98,46.22,46.28,1568435
EWW,NYSEARCA,2021/04/20 16:00:00,46.07,46.37,45.82,46.24,2268405
EWW,NYSEARCA,2021/04/21 16:00:00,46.26,46.96,46.26,46.87,1348477
EWW,NYSEARCA,2021/04/22 16:00:00,46.83,47.08,46.58,46.95,1911714
ERUS,NYSEARCA,2021/04/12 16:00:00,38.18,38.19,37.93,38.13,243595
ERUS,NYSEARCA,2021/04/13 16:00:00,38.16,39.12,38.09,38.96,321261
ERUS,NYSEARCA,2021/04/14 16:00:00,39.18,39.57,39.12,39.32,173200
ERUS,NYSEARCA,2021/04/15 16:00:00,38.99,39.24,38.86,39.12,146134
ERUS,NYSEARCA,2021/04/16 16:00:00,39.54,39.9,39.45,39.82,271028
ERUS,NYSEARCA,2021/04/19 16:00:00,39.42,39.65,39.09,39.19,136308
ERUS,NYSEARCA,2021/04/20 16:00:00,38.91,38.98,38.56,38.8,227118
ERUS,NYSEARCA,2021/04/21 16:00:00,38.9,39.31,38.68,39.25,199953
ERUS,NYSEARCA,2021/04/22 16:00:00,39.85,40.14,39.59,39.86,192736
GREK,NYSEARCA,2021/04/12 16:00:00,27.91,28.02,27.86,27.97,21807
GREK,NYSEARCA,2021/04/13 16:00:00,28.09,28.19,28.02,28.02,11173
GREK,NYSEARCA,2021/04/14 16:00:00,28.09,28.19,28.01,28.02,16964
GREK,NYSEARCA,2021/04/15 16:00:00,28.21,28.29,28.06,28.29,14769
GREK,NYSEARCA,2021/04/16 16:00:00,28.21,28.29,28.01,28.29,14887
GREK,NYSEARCA,2021/04/19 16:00:00,27.38,27.48,26.91,27.28,57470
GREK,NYSEARCA,2021/04/20 16:00:00,27.23,27.39,27.03,27.16,59221
GREK,NYSEARCA,2021/04/21 16:00:00,27.26,27.57,27.26,27.49,45132
GREK,NYSEARCA,2021/04/22 16:00:00,27.92,27.92,27.74,27.85,21064
EFNL,BATS,2021/04/12 16:00:00,46.57,46.62,46.52,46.52,1662
EFNL,BATS,2021/04/13 16:00:00,46.77,47.19,46.77,47.16,4536
EFNL,BATS,2021/04/14 16:00:00,46.92,47.23,46.9,46.98,112597
EFNL,BATS,2021/04/15 16:00:00,47.24,47.48,47.24,47.47,4014
EFNL,BATS,2021/04/16 16:00:00,48,48.34,48,48.34,9113
EFNL,BATS,2021/04/19 16:00:00,48.65,48.68,48.54,48.63,2643
EFNL,BATS,2021/04/20 16:00:00,48.31,48.31,48.11,48.11,1006
EFNL,BATS,2021/04/21 16:00:00,47.68,48.22,47.68,48.22,1555
EFNL,BATS,2021/04/22 16:00:00,48.72,48.72,48.5,48.55,1555
EPOL,NYSEARCA,2021/04/12 16:00:00,19.18,19.29,19.14,19.28,105510
EPOL,NYSEARCA,2021/04/13 16:00:00,19.11,19.18,19.07,19.15,94217
EPOL,NYSEARCA,2021/04/14 16:00:00,19.35,19.59,19.35,19.48,121547
EPOL,NYSEARCA,2021/04/15 16:00:00,19.46,19.7,19.42,19.69,108978
EPOL,NYSEARCA,2021/04/16 16:00:00,19.56,19.69,19.56,19.69,89442
EPOL,NYSEARCA,2021/04/19 16:00:00,19.69,19.75,19.46,19.5,460785
EPOL,NYSEARCA,2021/04/20 16:00:00,19.44,19.49,19.36,19.4,135919
EPOL,NYSEARCA,2021/04/21 16:00:00,19.2,19.42,19.12,19.42,83941
EPOL,NYSEARCA,2021/04/22 16:00:00,19.42,19.44,19.2,19.28,101581
EWD,NYSEARCA,2021/04/12 16:00:00,46.46,46.52,46.24,46.34,257401
EWD,NYSEARCA,2021/04/13 16:00:00,46.69,47.13,46.66,47.07,326263
EWD,NYSEARCA,2021/04/14 16:00:00,46.89,47.06,46.79,46.88,1143450
EWD,NYSEARCA,2021/04/15 16:00:00,47.22,47.42,47.15,47.39,163129
EWD,NYSEARCA,2021/04/16 16:00:00,47.89,48.33,47.81,48.33,226136
EWD,NYSEARCA,2021/04/19 16:00:00,48.22,48.25,47.77,47.92,159595
EWD,NYSEARCA,2021/04/20 16:00:00,47.12,47.12,46.45,46.64,228952
EWD,NYSEARCA,2021/04/21 16:00:00,46.55,47.5,46.55,47.46,121816
EWD,NYSEARCA,2021/04/22 16:00:00,47.2,47.2,46.8,46.98,171887
EWO,NYSEARCA,2021/04/12 16:00:00,22.47,22.6,22.45,22.5,13975
EWO,NYSEARCA,2021/04/13 16:00:00,22.5,22.62,22.5,22.61,21903
EWO,NYSEARCA,2021/04/14 16:00:00,22.61,22.75,22.61,22.71,8234
EWO,NYSEARCA,2021/04/15 16:00:00,22.72,22.81,22.61,22.81,361719
EWO,NYSEARCA,2021/04/16 16:00:00,22.93,23.05,22.87,23.04,48969
EWO,NYSEARCA,2021/04/19 16:00:00,23.04,23.13,22.93,22.97,25162
EWO,NYSEARCA,2021/04/20 16:00:00,22.76,22.76,22.44,22.6,7399
EWO,NYSEARCA,2021/04/21 16:00:00,22.27,22.65,22.14,22.65,10801
EWO,NYSEARCA,2021/04/22 16:00:00,22.78,22.79,22.61,22.69,12934
EDEN,BATS,2021/04/12 16:00:00,99.55,99.63,99.24,99.33,8302
EDEN,BATS,2021/04/13 16:00:00,100.25,100.67,100.11,100.61,5430
EDEN,BATS,2021/04/14 16:00:00,100.13,100.13,99.75,99.94,14055
EDEN,BATS,2021/04/15 16:00:00,100.34,100.92,100.34,100.65,8835
EDEN,BATS,2021/04/16 16:00:00,101.67,102.04,101.67,102.04,5276
EDEN,BATS,2021/04/19 16:00:00,102.11,102.11,101.59,101.74,4472
EDEN,BATS,2021/04/20 16:00:00,101.1,101.22,100.23,100.64,7420
EDEN,BATS,2021/04/21 16:00:00,100.57,101.85,100.57,101.83,11990
EDEN,BATS,2021/04/22 16:00:00,102.6,103.5,102.6,102.86,6956
ENOR,BATS,2021/04/12 16:00:00,27.94,27.94,27.75,27.77,4167
ENOR,BATS,2021/04/13 16:00:00,27.92,28.11,27.92,28.11,8384
ENOR,BATS,2021/04/14 16:00:00,28.28,28.41,28.24,28.36,9720
ENOR,BATS,2021/04/15 16:00:00,28.56,28.6,28.53,28.6,2886
ENOR,BATS,2021/04/16 16:00:00,28.89,29.15,28.86,29.15,8897
ENOR,BATS,2021/04/19 16:00:00,28.93,29.11,28.93,29.02,10424
ENOR,BATS,2021/04/20 16:00:00,28.66,28.66,28.31,28.38,6919
ENOR,BATS,2021/04/21 16:00:00,28.06,28.38,28.06,28.38,10799
ENOR,BATS,2021/04/22 16:00:00,28.61,28.61,28.4,28.43,10436
EWI,NYSEARCA,2021/04/12 16:00:00,31.73,31.76,31.62,31.66,416521
EWI,NYSEARCA,2021/04/13 16:00:00,31.82,32.1,31.76,32.06,4892705
EWI,NYSEARCA,2021/04/14 16:00:00,31.83,32.03,31.82,31.94,1846639
EWI,NYSEARCA,2021/04/15 16:00:00,31.99,32.03,31.85,32.03,575048
EWI,NYSEARCA,2021/04/16 16:00:00,32.18,32.43,32.16,32.4,1647372
EWI,NYSEARCA,2021/04/19 16:00:00,32.41,32.45,32.26,32.37,453298
EWI,NYSEARCA,2021/04/20 16:00:00,31.98,31.98,31.54,31.67,1064088
EWI,NYSEARCA,2021/04/21 16:00:00,31.37,31.93,31.33,31.93,733815
EWI,NYSEARCA,2021/04/22 16:00:00,31.91,32,31.74,31.79,620793
EWL,NYSEARCA,2021/04/12 16:00:00,46.01,46.06,45.92,45.97,3139151
EWL,NYSEARCA,2021/04/13 16:00:00,45.86,46.04,45.79,46.04,493255
EWL,NYSEARCA,2021/04/14 16:00:00,46.05,46.08,45.81,45.86,3366709
EWL,NYSEARCA,2021/04/15 16:00:00,46.1,46.33,46.1,46.3,1273778
EWL,NYSEARCA,2021/04/16 16:00:00,46.35,46.82,46.3,46.79,660827
EWL,NYSEARCA,2021/04/19 16:00:00,46.88,46.89,46.68,46.85,771664
EWL,NYSEARCA,2021/04/20 16:00:00,46.62,46.63,46.34,46.45,722304
EWL,NYSEARCA,2021/04/21 16:00:00,46.38,46.81,46.34,46.77,1314082
EWL,NYSEARCA,2021/04/22 16:00:00,46.88,46.88,46.57,46.69,1196910
EWG,NYSEARCA,2021/04/12 16:00:00,34.58,34.59,34.48,34.56,7125935
EWG,NYSEARCA,2021/04/13 16:00:00,34.67,34.73,34.59,34.72,2187092
EWG,NYSEARCA,2021/04/14 16:00:00,34.72,34.74,34.56,34.59,2260674
EWG,NYSEARCA,2021/04/15 16:00:00,34.79,34.87,34.74,34.86,3715557
EWG,NYSEARCA,2021/04/16 16:00:00,35.19,35.39,35.16,35.39,3200293
EWG,NYSEARCA,2021/04/19 16:00:00,35.37,35.38,35.14,35.26,4440404
EWG,NYSEARCA,2021/04/20 16:00:00,34.99,34.99,34.64,34.74,2823666
EWG,NYSEARCA,2021/04/21 16:00:00,34.44,34.91,34.42,34.9,2403522
EWG,NYSEARCA,2021/04/22 16:00:00,34.97,35.04,34.74,34.83,2773662
EWN,NYSEARCA,2021/04/12 16:00:00,47.62,47.62,47.33,47.54,101264
EWN,NYSEARCA,2021/04/13 16:00:00,47.72,47.8,47.57,47.8,447497
EWN,NYSEARCA,2021/04/14 16:00:00,47.91,48.03,47.69,47.79,110947
EWN,NYSEARCA,2021/04/15 16:00:00,47.93,48.18,47.83,48.16,1770135
EWN,NYSEARCA,2021/04/16 16:00:00,48.18,48.55,48.18,48.55,76630
EWN,NYSEARCA,2021/04/19 16:00:00,48.36,48.38,47.96,48.17,127561
EWN,NYSEARCA,2021/04/20 16:00:00,47.86,47.88,47.32,47.54,129080
EWN,NYSEARCA,2021/04/21 16:00:00,47.64,48.46,47.64,48.42,140555
EWN,NYSEARCA,2021/04/22 16:00:00,48.59,48.62,48.03,48.18,132055
EWK,NYSEARCA,2021/04/12 16:00:00,20.89,20.9,20.8,20.82,6465
EWK,NYSEARCA,2021/04/13 16:00:00,20.72,20.83,20.71,20.8,10686
EWK,NYSEARCA,2021/04/14 16:00:00,20.93,20.95,20.84,20.84,2504
EWK,NYSEARCA,2021/04/15 16:00:00,21.02,21.1,21,21.06,3263
EWK,NYSEARCA,2021/04/16 16:00:00,21.15,21.34,21.15,21.34,11251
EWK,NYSEARCA,2021/04/19 16:00:00,21.44,21.44,21.35,21.36,6498
EWK,NYSEARCA,2021/04/20 16:00:00,21.23,21.23,21.1,21.13,7238
EWK,NYSEARCA,2021/04/21 16:00:00,21.15,21.44,21.15,21.44,2183
EWK,NYSEARCA,2021/04/22 16:00:00,21.55,21.57,21.5,21.51,2775
EWQ,NYSEARCA,2021/04/12 16:00:00,36.05,36.09,35.94,36.04,217443
EWQ,NYSEARCA,2021/04/13 16:00:00,36.1,36.4,36.09,36.4,2475242
EWQ,NYSEARCA,2021/04/14 16:00:00,36.39,36.5,36.35,36.41,381636
EWQ,NYSEARCA,2021/04/15 16:00:00,36.58,36.64,36.52,36.64,1512252
EWQ,NYSEARCA,2021/04/16 16:00:00,36.82,37.07,36.8,37.06,747740
EWQ,NYSEARCA,2021/04/19 16:00:00,37.2,37.24,37.03,37.18,666553
EWQ,NYSEARCA,2021/04/20 16:00:00,36.69,36.72,36.34,36.44,650121
EWQ,NYSEARCA,2021/04/21 16:00:00,36.42,36.89,36.42,36.85,484891
EWQ,NYSEARCA,2021/04/22 16:00:00,36.95,36.98,36.7,36.8,436190
EWU,NYSEARCA,2021/04/12 16:00:00,32,32.08,31.95,32.02,6310529
EWU,NYSEARCA,2021/04/13 16:00:00,31.88,32.02,31.86,32.02,1857431
EWU,NYSEARCA,2021/04/14 16:00:00,32.11,32.35,32.11,32.26,3605688
EWU,NYSEARCA,2021/04/15 16:00:00,32.5,32.6,32.46,32.6,3904354
EWU,NYSEARCA,2021/04/16 16:00:00,32.72,32.86,32.63,32.81,3433486
EWU,NYSEARCA,2021/04/19 16:00:00,33.02,33.1,32.94,33.03,3286602
EWU,NYSEARCA,2021/04/20 16:00:00,32.66,32.66,32.27,32.4,5668945
EWU,NYSEARCA,2021/04/21 16:00:00,32.25,32.66,32.24,32.65,2537979
EWU,NYSEARCA,2021/04/22 16:00:00,32.42,32.49,32.2,32.26,3071677
EWP,NYSEARCA,2021/04/12 16:00:00,27.73,27.8,27.67,27.76,516553
EWP,NYSEARCA,2021/04/13 16:00:00,27.58,27.87,27.56,27.82,737526
EWP,NYSEARCA,2021/04/14 16:00:00,27.88,28.02,27.88,27.95,504195
EWP,NYSEARCA,2021/04/15 16:00:00,28.01,28.01,27.84,27.97,1767668
EWP,NYSEARCA,2021/04/16 16:00:00,28.01,28.13,27.96,28.13,605661
EWP,NYSEARCA,2021/04/19 16:00:00,28.49,28.57,28.42,28.47,768476
EWP,NYSEARCA,2021/04/20 16:00:00,27.98,28,27.69,27.79,1077864
EWP,NYSEARCA,2021/04/21 16:00:00,27.55,28.05,27.52,28.04,474735
EWP,NYSEARCA,2021/04/22 16:00:00,28.19,28.27,28.09,28.13,548904
EIRL,NYSEARCA,2021/04/12 16:00:00,56.23,56.27,55.89,56.08,5064
EIRL,NYSEARCA,2021/04/13 16:00:00,56.12,56.36,56.09,56.35,3376
EIRL,NYSEARCA,2021/04/14 16:00:00,56.33,56.35,56.33,56.35,652
EIRL,NYSEARCA,2021/04/15 16:00:00,56.29,56.53,56.29,56.53,1962
EIRL,NYSEARCA,2021/04/16 16:00:00,57.09,57.39,57.09,57.39,4774
EIRL,NYSEARCA,2021/04/19 16:00:00,57.4,57.4,57.07,57.12,7284
EIRL,NYSEARCA,2021/04/20 16:00:00,56.88,56.88,56.3,56.44,1931
EIRL,NYSEARCA,2021/04/21 16:00:00,56.68,57.01,56.63,57.01,16510
EIRL,NYSEARCA,2021/04/22 16:00:00,56.76,56.79,56.62,56.62,3588
PGAL,NYSEARCA,2021/04/12 16:00:00,11.37,11.37,11.25,11.31,2023
PGAL,NYSEARCA,2021/04/13 16:00:00,11.33,11.33,11.25,11.31,1730
PGAL,NYSEARCA,2021/04/14 16:00:00,11.36,11.4,11.34,11.4,2384
PGAL,NYSEARCA,2021/04/15 16:00:00,11.28,11.31,11.28,11.31,7258
PGAL,NYSEARCA,2021/04/16 16:00:00,11.29,11.4,11.29,11.4,2760
PGAL,NYSEARCA,2021/04/19 16:00:00,11.4,11.44,11.33,11.38,1869
PGAL,NYSEARCA,2021/04/20 16:00:00,11.34,11.34,11.19,11.27,2367
PGAL,NYSEARCA,2021/04/21 16:00:00,11.3,11.3,11.3,11.3,394
PGAL,NYSEARCA,2021/04/22 16:00:00,11.4,11.41,11.38,11.38,9312
EGPT,NYSEARCA,2021/04/12 16:00:00,24.29,24.8,24.29,24.75,4615
EGPT,NYSEARCA,2021/04/13 16:00:00,24.5,24.51,24.24,24.3,7148
EGPT,NYSEARCA,2021/04/14 16:00:00,24.3,24.3,23.66,23.76,14673
EGPT,NYSEARCA,2021/04/15 16:00:00,24.01,24.16,23.78,24.16,288069
EGPT,NYSEARCA,2021/04/16 16:00:00,24,24.2,23.92,24.11,6424
EGPT,NYSEARCA,2021/04/19 16:00:00,24.3,24.36,24.3,24.36,635
EGPT,NYSEARCA,2021/04/20 16:00:00,25,25,24.54,24.59,1647
EGPT,NYSEARCA,2021/04/21 16:00:00,24.61,25.04,24.55,24.88,3596
EGPT,NYSEARCA,2021/04/22 16:00:00,24.68,24.68,24.58,24.62,1347
EZA,NYSEARCA,2021/04/12 16:00:00,49.4,49.52,49.15,49.38,136458
EZA,NYSEARCA,2021/04/13 16:00:00,49.48,50.44,49.48,50.15,298477
EZA,NYSEARCA,2021/04/14 16:00:00,50.62,51.09,50.53,50.72,308178
EZA,NYSEARCA,2021/04/15 16:00:00,51.56,52.36,51.49,52.18,392701
EZA,NYSEARCA,2021/04/16 16:00:00,51.92,52.29,51.59,52.15,265266
EZA,NYSEARCA,2021/04/19 16:00:00,51.9,52.08,51.57,51.86,397310
EZA,NYSEARCA,2021/04/20 16:00:00,51,51.1,50.38,50.51,353371
EZA,NYSEARCA,2021/04/21 16:00:00,50.56,51.59,50.49,51.48,289084
EZA,NYSEARCA,2021/04/22 16:00:00,50.95,50.95,50.14,50.38,313675
NGE,NYSEARCA,2021/04/12 16:00:00,11.85,11.95,11.85,11.91,5254
NGE,NYSEARCA,2021/04/13 16:00:00,11.85,11.86,11.6,11.79,29477
NGE,NYSEARCA,2021/04/14 16:00:00,11.85,11.85,11.56,11.56,9705
NGE,NYSEARCA,2021/04/15 16:00:00,11.55,11.62,11.55,11.61,3757
NGE,NYSEARCA,2021/04/16 16:00:00,11.63,11.73,11.59,11.69,5814
NGE,NYSEARCA,2021/04/19 16:00:00,11.68,11.85,11.61,11.61,19246
NGE,NYSEARCA,2021/04/20 16:00:00,11.71,11.79,11.59,11.59,14866
NGE,NYSEARCA,2021/04/21 16:00:00,11.6,11.85,11.59,11.85,17251
NGE,NYSEARCA,2021/04/22 16:00:00,11.85,11.9,11.78,11.84,10761
UAE,NASDAQ,2021/04/12 16:00:00,13.3,13.5,13.3,13.43,76963
UAE,NASDAQ,2021/04/13 16:00:00,13.6,13.6,13.39,13.47,12113
UAE,NASDAQ,2021/04/14 16:00:00,13.42,13.42,13.35,13.39,8406
UAE,NASDAQ,2021/04/15 16:00:00,13.5,13.5,13.47,13.49,12885
UAE,NASDAQ,2021/04/16 16:00:00,13.5,13.5,13.48,13.49,8919
UAE,NASDAQ,2021/04/19 16:00:00,13.49,13.5,13.46,13.46,5049
UAE,NASDAQ,2021/04/20 16:00:00,13.5,13.57,13.36,13.48,31889
UAE,NASDAQ,2021/04/21 16:00:00,13.48,13.52,13.46,13.5,5260
UAE,NASDAQ,2021/04/22 16:00:00,13.51,13.53,13.43,13.53,1687
QAT,NASDAQ,2021/04/12 16:00:00,19.08,19.08,19,19.04,3500
QAT,NASDAQ,2021/04/13 16:00:00,19.12,19.13,19.1,19.12,4047
QAT,NASDAQ,2021/04/14 16:00:00,19.1,19.18,19.1,19.18,721
QAT,NASDAQ,2021/04/15 16:00:00,19.41,19.58,19.41,19.52,5812
QAT,NASDAQ,2021/04/16 16:00:00,19.76,19.76,19.45,19.45,6644
QAT,NASDAQ,2021/04/19 16:00:00,19.25,19.46,19.25,19.46,4205
QAT,NASDAQ,2021/04/20 16:00:00,19.39,19.48,19.39,19.43,1378
QAT,NASDAQ,2021/04/21 16:00:00,19.63,19.63,19.63,19.63,317
QAT,NASDAQ,2021/04/22 16:00:00,19.6,19.6,19.52,19.52,1332
KWT,BATS,2021/04/12 16:00:00,30.02,30.02,30.02,30.02,55
KWT,BATS,2021/04/13 16:00:00,29.89,29.89,29.89,29.89,6
KWT,BATS,2021/04/14 16:00:00,29.95,29.95,29.84,29.84,238
KWT,BATS,2021/04/15 16:00:00,30.08,30.08,30.08,30.08,21
KWT,BATS,2021/04/16 16:00:00,30.15,30.15,30.15,30.15,3
KWT,BATS,2021/04/19 16:00:00,30,30,30,30,39
KWT,BATS,2021/04/20 16:00:00,30.21,30.21,30.2,30.2,430
KWT,BATS,2021/04/21 16:00:00,30.45,30.57,30.44,30.57,266
KWT,BATS,2021/04/22 16:00:00,30.43,30.43,30.3,30.3,227
KSA,NYSEARCA,2021/04/12 16:00:00,36.17,36.17,35.9,36.12,98253
KSA,NYSEARCA,2021/04/13 16:00:00,35.94,36.13,35.75,35.87,446220
KSA,NYSEARCA,2021/04/14 16:00:00,35.74,36.06,35.74,35.87,202968
KSA,NYSEARCA,2021/04/15 16:00:00,36.31,36.67,36.31,36.63,307013
KSA,NYSEARCA,2021/04/16 16:00:00,36.85,36.85,36.42,36.61,186851
KSA,NYSEARCA,2021/04/19 16:00:00,36.72,37.16,36.72,37.11,1444157
KSA,NYSEARCA,2021/04/20 16:00:00,36.94,37.01,36.62,36.7,262220
KSA,NYSEARCA,2021/04/21 16:00:00,36.87,37.07,36.73,36.95,208858
KSA,NYSEARCA,2021/04/22 16:00:00,37.05,37.05,36.67,36.85,234292
EIS,NYSEARCA,2021/04/12 16:00:00,66.95,66.95,66.63,66.63,3863
EIS,NYSEARCA,2021/04/13 16:00:00,66.61,67.18,66.61,67.13,19158
EIS,NYSEARCA,2021/04/14 16:00:00,67.41,67.55,66.79,66.95,13505
EIS,NYSEARCA,2021/04/15 16:00:00,67.18,67.58,67.18,67.58,8708
EIS,NYSEARCA,2021/04/16 16:00:00,67.72,67.76,67.43,67.65,18149
EIS,NYSEARCA,2021/04/19 16:00:00,67.73,67.73,67.15,67.31,4992
EIS,NYSEARCA,2021/04/20 16:00:00,67.33,67.44,66.92,67.2,17521
EIS,NYSEARCA,2021/04/21 16:00:00,66.82,67.56,66.82,67.54,10101
EIS,NYSEARCA,2021/04/22 16:00:00,67.43,68.06,67.31,67.53,15337
TUR,NASDAQ,2021/04/12 16:00:00,23.25,23.25,23,23.09,313042
TUR,NASDAQ,2021/04/13 16:00:00,23.17,23.32,23.06,23.18,503471
TUR,NASDAQ,2021/04/14 16:00:00,23.54,23.83,23.54,23.76,431088
TUR,NASDAQ,2021/04/15 16:00:00,23.72,24.02,23.68,23.9,984887
TUR,NASDAQ,2021/04/16 16:00:00,23.79,23.82,23.66,23.78,269784
TUR,NASDAQ,2021/04/19 16:00:00,23.58,23.58,23.18,23.23,307558
TUR,NASDAQ,2021/04/20 16:00:00,23.3,23.31,22.93,22.98,449017
TUR,NASDAQ,2021/04/21 16:00:00,22.48,22.53,22.06,22.5,555105
TUR,NASDAQ,2021/04/22 16:00:00,22.25,22.33,22.02,22.31,612795
EWJ,NYSEARCA,2021/04/12 16:00:00,69.34,69.42,69.08,69.24,2847848
EWJ,NYSEARCA,2021/04/13 16:00:00,69.32,69.72,69.26,69.68,2916727
EWJ,NYSEARCA,2021/04/14 16:00:00,69.42,69.8,69.37,69.55,5626974
EWJ,NYSEARCA,2021/04/15 16:00:00,69.87,69.96,69.78,69.88,6310759
EWJ,NYSEARCA,2021/04/16 16:00:00,69.93,69.96,69.79,69.96,3184369
EWJ,NYSEARCA,2021/04/19 16:00:00,69.76,69.81,69.05,69.29,11056287
EWJ,NYSEARCA,2021/04/20 16:00:00,68.05,68.15,67.55,67.79,9035438
EWJ,NYSEARCA,2021/04/21 16:00:00,67.6,68.41,67.57,68.37,7032126
EWJ,NYSEARCA,2021/04/22 16:00:00,68.93,68.98,68.36,68.49,7019611
EWY,NYSEARCA,2021/04/12 16:00:00,91.06,91.18,90.61,90.85,2612032
EWY,NYSEARCA,2021/04/13 16:00:00,92.47,92.72,92.18,92.48,6086568
EWY,NYSEARCA,2021/04/14 16:00:00,93.5,93.64,93.08,93.25,3824007
EWY,NYSEARCA,2021/04/15 16:00:00,93.95,94.14,93.49,93.98,5017178
EWY,NYSEARCA,2021/04/16 16:00:00,93.88,93.89,93.38,93.44,4813413
EWY,NYSEARCA,2021/04/19 16:00:00,93.59,93.7,93.13,93.4,3092866
EWY,NYSEARCA,2021/04/20 16:00:00,93.7,93.86,92.88,93.2,3945847
EWY,NYSEARCA,2021/04/21 16:00:00,91.78,93.01,91.57,92.97,3470666
EWY,NYSEARCA,2021/04/22 16:00:00,92.44,92.44,91.22,91.42,4201047
EWT,NYSEARCA,2021/04/12 16:00:00,60.87,60.9,60.58,60.85,2424598
EWT,NYSEARCA,2021/04/13 16:00:00,60.65,60.87,60.62,60.78,3547248
EWT,NYSEARCA,2021/04/14 16:00:00,60.95,61.11,60.78,60.83,4041950
EWT,NYSEARCA,2021/04/15 16:00:00,61.97,62.17,61.88,61.96,5991949
EWT,NYSEARCA,2021/04/16 16:00:00,62.25,62.39,62.16,62.26,2587186
EWT,NYSEARCA,2021/04/19 16:00:00,63,63.12,62.81,62.89,3992122
EWT,NYSEARCA,2021/04/20 16:00:00,63.12,63.3,62.88,62.97,3685306
EWT,NYSEARCA,2021/04/21 16:00:00,63,63.54,62.96,63.45,2096959
EWT,NYSEARCA,2021/04/22 16:00:00,63.02,63.05,62.47,62.65,3822920
MCHI,NASDAQ,2021/04/12 16:00:00,81.33,81.59,80.99,81.5,3080851
MCHI,NASDAQ,2021/04/13 16:00:00,81.02,81.9,81.02,81.66,2466944
MCHI,NASDAQ,2021/04/14 16:00:00,82.26,82.53,81.41,81.52,5205314
MCHI,NASDAQ,2021/04/15 16:00:00,81.8,82.02,81.63,81.8,2588990
MCHI,NASDAQ,2021/04/16 16:00:00,82.47,82.48,81.89,82.19,1837122
MCHI,NASDAQ,2021/04/19 16:00:00,82.25,82.51,81.71,82.16,1860618
MCHI,NASDAQ,2021/04/20 16:00:00,82.04,82.43,81.13,81.48,2404492
MCHI,NASDAQ,2021/04/21 16:00:00,81.26,82.19,80.93,82.13,2186454
MCHI,NASDAQ,2021/04/22 16:00:00,82.36,83.04,82.11,82.52,2247615
EPHE,NYSEARCA,2021/04/12 16:00:00,29.46,29.53,29.32,29.45,69854
EPHE,NYSEARCA,2021/04/13 16:00:00,29.2,29.38,29.09,29.2,65303
EPHE,NYSEARCA,2021/04/14 16:00:00,29.33,29.57,29.32,29.44,50195
EPHE,NYSEARCA,2021/04/15 16:00:00,29.64,29.79,29.62,29.73,59456
EPHE,NYSEARCA,2021/04/16 16:00:00,29.71,29.78,29.45,29.66,73065
EPHE,NYSEARCA,2021/04/19 16:00:00,29.39,29.53,29.3,29.39,54324
EPHE,NYSEARCA,2021/04/20 16:00:00,29.46,29.65,29.27,29.37,93797
EPHE,NYSEARCA,2021/04/21 16:00:00,29.21,29.47,29.2,29.39,38534
EPHE,NYSEARCA,2021/04/22 16:00:00,29.01,29.09,28.87,28.94,67661
EWH,NYSEARCA,2021/04/12 16:00:00,26.73,26.87,26.61,26.68,3706798
EWH,NYSEARCA,2021/04/13 16:00:00,26.87,26.92,26.81,26.88,3980337
EWH,NYSEARCA,2021/04/14 16:00:00,27.11,27.27,27.11,27.21,8141796
EWH,NYSEARCA,2021/04/15 16:00:00,27.25,27.25,27.11,27.2,14994695
EWH,NYSEARCA,2021/04/16 16:00:00,27.2,27.27,27.14,27.21,6778900
EWH,NYSEARCA,2021/04/19 16:00:00,27.26,27.26,27.1,27.16,4132499
EWH,NYSEARCA,2021/04/20 16:00:00,27.26,27.27,27.11,27.14,5012719
EWH,NYSEARCA,2021/04/21 16:00:00,27.07,27.25,27.06,27.24,4811303
EWH,NYSEARCA,2021/04/22 16:00:00,27.26,27.27,27.03,27.13,5164606
VNM,BATS,2021/04/12 16:00:00,18.75,18.95,18.68,18.92,276355
VNM,BATS,2021/04/13 16:00:00,18.92,19.05,18.9,19.01,569045
VNM,BATS,2021/04/14 16:00:00,19.16,19.17,19.01,19.01,565182
VNM,BATS,2021/04/15 16:00:00,19.01,19.24,19.01,19.18,391280
VNM,BATS,2021/04/16 16:00:00,19.24,19.29,19.21,19.29,386215
VNM,BATS,2021/04/19 16:00:00,19.35,19.55,19.35,19.54,424998
VNM,BATS,2021/04/20 16:00:00,19.52,19.68,19.51,19.6,301273
VNM,BATS,2021/04/21 16:00:00,19.58,19.6,19.42,19.6,279114
VNM,BATS,2021/04/22 16:00:00,19.3,19.34,19.13,19.27,321329
EIDO,NYSEARCA,2021/04/12 16:00:00,21.13,21.19,21.02,21.11,420115
EIDO,NYSEARCA,2021/04/13 16:00:00,21.06,21.26,21.03,21.17,420250
EIDO,NYSEARCA,2021/04/14 16:00:00,21.65,21.77,21.6,21.63,457900
EIDO,NYSEARCA,2021/04/15 16:00:00,21.73,21.89,21.7,21.85,439534
EIDO,NYSEARCA,2021/04/16 16:00:00,21.85,22.02,21.77,21.95,487588
EIDO,NYSEARCA,2021/04/19 16:00:00,21.81,21.86,21.71,21.76,381151
EIDO,NYSEARCA,2021/04/20 16:00:00,21.74,21.8,21.54,21.56,846245
EIDO,NYSEARCA,2021/04/21 16:00:00,21.53,21.73,21.42,21.72,312118
EIDO,NYSEARCA,2021/04/22 16:00:00,21.62,21.62,21.34,21.38,400706
EWM,NYSEARCA,2021/04/12 16:00:00,27.58,27.67,27.52,27.58,367547
EWM,NYSEARCA,2021/04/13 16:00:00,27.41,27.57,27.4,27.41,284500
EWM,NYSEARCA,2021/04/14 16:00:00,27.52,27.61,27.44,27.44,312146
EWM,NYSEARCA,2021/04/15 16:00:00,27.66,27.9,27.66,27.83,263140
EWM,NYSEARCA,2021/04/16 16:00:00,27.82,27.89,27.7,27.89,322462
EWM,NYSEARCA,2021/04/19 16:00:00,27.63,27.73,27.58,27.65,219100
EWM,NYSEARCA,2021/04/20 16:00:00,27.73,27.75,27.51,27.63,415482
EWM,NYSEARCA,2021/04/21 16:00:00,27.55,27.77,27.51,27.72,191235
EWM,NYSEARCA,2021/04/22 16:00:00,27.81,27.85,27.68,27.77,217664
EWS,NYSEARCA,2021/04/12 16:00:00,23.49,23.52,23.45,23.5,553180
EWS,NYSEARCA,2021/04/13 16:00:00,23.57,23.64,23.57,23.64,415654
EWS,NYSEARCA,2021/04/14 16:00:00,23.58,23.66,23.54,23.6,948992
EWS,NYSEARCA,2021/04/15 16:00:00,23.67,23.75,23.67,23.74,488513
EWS,NYSEARCA,2021/04/16 16:00:00,23.8,23.84,23.77,23.83,337754
EWS,NYSEARCA,2021/04/19 16:00:00,23.88,23.92,23.82,23.87,595622
EWS,NYSEARCA,2021/04/20 16:00:00,23.69,23.7,23.41,23.47,652918
EWS,NYSEARCA,2021/04/21 16:00:00,23.33,23.62,23.33,23.61,521448
EWS,NYSEARCA,2021/04/22 16:00:00,23.78,23.8,23.48,23.49,890942
THD,NYSEARCA,2021/04/12 16:00:00,78.65,78.71,78.4,78.49,124770
THD,NYSEARCA,2021/04/13 16:00:00,78.22,78.99,78.22,78.55,87876
THD,NYSEARCA,2021/04/14 16:00:00,79.2,79.82,78.84,79.55,276052
THD,NYSEARCA,2021/04/15 16:00:00,79.97,80.5,79.73,80.29,130397
THD,NYSEARCA,2021/04/16 16:00:00,79.94,80.39,79.51,80.25,124657
THD,NYSEARCA,2021/04/19 16:00:00,80.78,81.29,80.78,81.09,129994
THD,NYSEARCA,2021/04/20 16:00:00,81.18,81.4,80.21,80.77,65035
THD,NYSEARCA,2021/04/21 16:00:00,80.55,81.49,80.41,81.4,84021
THD,NYSEARCA,2021/04/22 16:00:00,80.19,80.24,79.33,79.54,76878
INDA,BATS,2021/04/12 16:00:00,40.38,40.38,40.07,40.16,3168989
INDA,BATS,2021/04/13 16:00:00,40.44,40.58,40.24,40.44,5907571
INDA,BATS,2021/04/14 16:00:00,40.92,41.15,40.79,40.91,4068913
INDA,BATS,2021/04/15 16:00:00,41,41.11,40.78,41.1,8007983
INDA,BATS,2021/04/16 16:00:00,41.21,41.28,41.03,41.19,4654758
INDA,BATS,2021/04/19 16:00:00,40.35,40.38,40.07,40.17,5903834
INDA,BATS,2021/04/20 16:00:00,39.88,39.99,39.39,39.53,10710503
INDA,BATS,2021/04/21 16:00:00,39.21,39.69,39.13,39.61,4639586
INDA,BATS,2021/04/22 16:00:00,40.19,40.29,39.68,39.8,3743165
PAK,NYSEARCA,2021/04/12 16:00:00,30.4,30.5,30.3,30.41,1789
PAK,NYSEARCA,2021/04/13 16:00:00,30.4,30.48,30.31,30.47,4836
PAK,NYSEARCA,2021/04/14 16:00:00,30.5,30.5,30.33,30.45,7284
PAK,NYSEARCA,2021/04/15 16:00:00,30.38,30.54,30.38,30.54,460
PAK,NYSEARCA,2021/04/16 16:00:00,30.47,30.47,30.4,30.4,627
PAK,NYSEARCA,2021/04/19 16:00:00,30.3,30.36,30.22,30.22,1263
PAK,NYSEARCA,2021/04/20 16:00:00,30.14,30.32,30.14,30.32,9567
PAK,NYSEARCA,2021/04/21 16:00:00,30.31,30.43,30.31,30.43,1706
PAK,NYSEARCA,2021/04/22 16:00:00,30.2,30.2,30,30,1886
ENZL,NASDAQ,2021/04/12 16:00:00,62.45,62.7,62.2,62.28,4956
ENZL,NASDAQ,2021/04/13 16:00:00,63.55,63.81,63.07,63.41,9257
ENZL,NASDAQ,2021/04/14 16:00:00,64.21,64.49,63.94,63.99,157770
ENZL,NASDAQ,2021/04/15 16:00:00,64.05,64.17,63.88,64.09,77452
ENZL,NASDAQ,2021/04/16 16:00:00,64.38,64.66,64.24,64.49,23350
ENZL,NASDAQ,2021/04/19 16:00:00,64.37,64.85,64.36,64.48,97402
ENZL,NASDAQ,2021/04/20 16:00:00,64.27,64.59,63.58,63.69,18039
ENZL,NASDAQ,2021/04/21 16:00:00,63.69,64.24,62.97,64.12,7247
ENZL,NASDAQ,2021/04/22 16:00:00,64.09,64.26,63.61,63.93,16975
EWA,NYSEARCA,2021/04/12 16:00:00,25.39,25.46,25.34,25.44,947852
EWA,NYSEARCA,2021/04/13 16:00:00,25.39,25.55,25.37,25.55,1398319
EWA,NYSEARCA,2021/04/14 16:00:00,25.69,25.87,25.69,25.75,1471627
EWA,NYSEARCA,2021/04/15 16:00:00,26.19,26.26,26.16,26.23,4118398
EWA,NYSEARCA,2021/04/16 16:00:00,26.17,26.26,26.12,26.26,4792555
EWA,NYSEARCA,2021/04/19 16:00:00,26.25,26.27,26.07,26.13,2650544
EWA,NYSEARCA,2021/04/20 16:00:00,25.9,25.94,25.58,25.63,2303739
EWA,NYSEARCA,2021/04/21 16:00:00,25.73,26.09,25.73,26.09,1346391
EWA,NYSEARCA,2021/04/22 16:00:00,26.1,26.15,25.86,25.92,1877006
VIX,INDEXCBOE,2021/04/12 15:16:00,17.43,17.91,16.81,16.91,0
VIX,INDEXCBOE,2021/04/13 15:16:00,17.41,17.41,16.43,16.65,0
VIX,INDEXCBOE,2021/04/14 15:16:00,16.7,17.69,15.38,16.99,0
VIX,INDEXCBOE,2021/04/15 15:16:00,16.88,16.88,15.94,16.57,0
VIX,INDEXCBOE,2021/04/16 15:16:00,16.65,16.88,16.05,16.25,0
VIX,INDEXCBOE,2021/04/19 15:16:00,17.04,18.61,16.78,17.29,0
VIX,INDEXCBOE,2021/04/20 15:16:00,18.47,19.7,18.47,18.68,0
VIX,INDEXCBOE,2021/04/21 15:16:00,18.25,19.29,16.91,17.5,0
VIX,INDEXCBOE,2021/04/22 15:16:00,17.28,19.9,16.99,18.71,0
MOVE,INDEXNYSEGIS,2021/04/12 16:00:00,61.21,63.5,61.21,63.5,0
MOVE,INDEXNYSEGIS,2021/04/13 16:00:00,63.5,63.5,61.2,61.2,0
MOVE,INDEXNYSEGIS,2021/04/14 16:00:00,61.2,61.2,60.08,60.08,0
MOVE,INDEXNYSEGIS,2021/04/15 16:00:00,60.08,60.08,59.05,59.05,0
MOVE,INDEXNYSEGIS,2021/04/16 16:00:00,59.05,62.57,59.05,62.57,0
MOVE,INDEXNYSEGIS,2021/04/19 16:00:00,62.57,63.96,62.57,63.96,0
MOVE,INDEXNYSEGIS,2021/04/20 16:00:00,63.96,64.35,63.96,64.35,0
MOVE,INDEXNYSEGIS,2021/04/21 16:00:00,64.35,64.35,62.27,62.27,0
MOVE,INDEXNYSEGIS,2021/04/22 16:00:00,62.27,62.27,59.62,59.62,0
FVX,INDEXCBOE,2021/04/12 15:16:00,8.81,8.98,8.72,8.9,0
FVX,INDEXCBOE,2021/04/13 15:16:00,8.98,9.11,8.4,8.4,0
FVX,INDEXCBOE,2021/04/14 15:16:00,8.53,8.74,8.5,8.6,0
FVX,INDEXCBOE,2021/04/15 15:16:00,8.42,8.5,7.92,7.92,0
FVX,INDEXCBOE,2021/04/16 15:16:00,8.18,8.4,8.16,8.21,0
FVX,INDEXCBOE,2021/04/19 15:16:00,8.34,8.57,8.23,8.31,0
FVX,INDEXCBOE,2021/04/20 15:16:00,8.24,8.36,7.9,7.95,0
FVX,INDEXCBOE,2021/04/21 15:16:00,7.99,8.13,7.84,8.02,0
FVX,INDEXCBOE,2021/04/22 15:16:00,8.15,8.29,7.95,8.02,0
TNX,INDEXCBOE,2021/04/12 15:16:00,16.75,16.85,16.64,16.75,0
TNX,INDEXCBOE,2021/04/13 15:16:00,16.8,16.96,16.22,16.23,0
TNX,INDEXCBOE,2021/04/14 15:16:00,16.31,16.5,16.29,16.38,0
TNX,INDEXCBOE,2021/04/15 15:16:00,16.11,16.18,15.29,15.3,0
TNX,INDEXCBOE,2021/04/16 15:16:00,15.64,15.98,15.64,15.73,0
TNX,INDEXCBOE,2021/04/19 15:16:00,15.87,16.15,15.8,16.01,0
TNX,INDEXCBOE,2021/04/20 15:16:00,15.94,16.12,15.57,15.62,0
TNX,INDEXCBOE,2021/04/21 15:16:00,15.68,15.84,15.54,15.64,0
TNX,INDEXCBOE,2021/04/22 15:16:00,15.77,15.87,15.43,15.54,0
TYX,INDEXCBOE,2021/04/12 15:16:00,23.38,23.53,23.29,23.47,0
TYX,INDEXCBOE,2021/04/13 15:16:00,23.47,23.63,23.03,23.07,0
TYX,INDEXCBOE,2021/04/14 15:16:00,23.08,23.34,23.02,23.25,0
TYX,INDEXCBOE,2021/04/15 15:16:00,22.86,22.92,22.07,22.1,0
TYX,INDEXCBOE,2021/04/16 15:16:00,22.51,22.88,22.51,22.61,0
TYX,INDEXCBOE,2021/04/19 15:16:00,22.76,23.02,22.73,22.94,0
TYX,INDEXCBOE,2021/04/20 15:16:00,22.89,23.1,22.54,22.59,0
TYX,INDEXCBOE,2021/04/21 15:16:00,22.65,22.8,22.5,22.64,0
TYX,INDEXCBOE,2021/04/22 15:16:00,22.71,22.74,22.31,22.39,0
BTCJPY,CURRENCY,2021/04/10 23:58:00,0,0,0,6555321.276,0
BTCJPY,CURRENCY,2021/04/11 23:58:00,0,0,0,6580605.277,0
BTCJPY,CURRENCY,2021/04/12 23:58:00,0,0,0,6550161.959,0
BTCJPY,CURRENCY,2021/04/13 23:58:00,0,0,0,6925963.155,0
BTCJPY,CURRENCY,2021/04/14 23:58:00,0,0,0,6817929.315,0
BTCJPY,CURRENCY,2021/04/15 23:58:00,0,0,0,6873798.663,0
BTCJPY,CURRENCY,2021/04/16 23:58:00,0,0,0,6684354.336,0
BTCJPY,CURRENCY,2021/04/17 23:58:00,0,0,0,6542449.563,0
BTCJPY,CURRENCY,2021/04/18 23:58:00,0,0,0,6117336.789,0
BTCJPY,CURRENCY,2021/04/19 23:58:00,0,0,0,6018330.479,0
BTCJPY,CURRENCY,2021/04/20 23:58:00,0,0,0,6099326.3,0
BTCJPY,CURRENCY,2021/04/21 23:58:00,0,0,0,5812631.008,0
BTCJPY,CURRENCY,2021/04/22 23:58:00,0,0,0,5582934.776,0
ETHJPY,CURRENCY,2021/04/10 23:58:00,0,0,0,233896.0072,0
ETHJPY,CURRENCY,2021/04/11 23:58:00,0,0,0,235906.7111,0
ETHJPY,CURRENCY,2021/04/12 23:58:00,0,0,0,234184.9071,0
ETHJPY,CURRENCY,2021/04/13 23:58:00,0,0,0,250515.8783,0
ETHJPY,CURRENCY,2021/04/14 23:58:00,0,0,0,264830.6298,0
ETHJPY,CURRENCY,2021/04/15 23:58:00,0,0,0,273498.6408,0
ETHJPY,CURRENCY,2021/04/16 23:58:00,0,0,0,264060.8982,0
ETHJPY,CURRENCY,2021/04/17 23:58:00,0,0,0,252895.753,0
ETHJPY,CURRENCY,2021/04/18 23:58:00,0,0,0,243863.3963,0
ETHJPY,CURRENCY,2021/04/19 23:58:00,0,0,0,233920.843,0
ETHJPY,CURRENCY,2021/04/20 23:58:00,0,0,0,251715.174,0
ETHJPY,CURRENCY,2021/04/21 23:58:00,0,0,0,254691.4255,0
ETHJPY,CURRENCY,2021/04/22 23:58:00,0,0,0,259159.4403,0
USDJPY,CURRENCY,2021/04/10 23:58:00,0,0,0,109.66,0
USDJPY,CURRENCY,2021/04/11 23:58:00,0,0,0,109.6965,0
USDJPY,CURRENCY,2021/04/12 23:58:00,0,0,0,109.377,0
USDJPY,CURRENCY,2021/04/13 23:58:00,0,0,0,108.919,0
USDJPY,CURRENCY,2021/04/14 23:58:00,0,0,0,108.87,0
USDJPY,CURRENCY,2021/04/15 23:58:00,0,0,0,108.699,0
USDJPY,CURRENCY,2021/04/16 23:58:00,0,0,0,108.8175,0
USDJPY,CURRENCY,2021/04/17 23:58:00,0,0,0,108.785,0
USDJPY,CURRENCY,2021/04/18 23:58:00,0,0,0,108.7055,0
USDJPY,CURRENCY,2021/04/19 23:58:00,0,0,0,108.1055,0
USDJPY,CURRENCY,2021/04/20 23:58:00,0,0,0,108.1,0
USDJPY,CURRENCY,2021/04/21 23:58:00,0,0,0,108.024,0
USDJPY,CURRENCY,2021/04/22 23:58:00,0,0,0,107.984,0
HKDJPY,CURRENCY,2021/04/10 23:58:00,0,0,0,14.09946,0
HKDJPY,CURRENCY,2021/04/11 23:58:00,0,0,0,14.10368,0
HKDJPY,CURRENCY,2021/04/12 23:58:00,0,0,0,14.06994,0
HKDJPY,CURRENCY,2021/04/13 23:58:00,0,0,0,14.0132,0
HKDJPY,CURRENCY,2021/04/14 23:58:00,0,0,0,14.0191,0
HKDJPY,CURRENCY,2021/04/15 23:58:00,0,0,0,13.9942,0
HKDJPY,CURRENCY,2021/04/16 23:58:00,0,0,0,13.998,0
HKDJPY,CURRENCY,2021/04/17 23:58:00,0,0,0,13.998,0
HKDJPY,CURRENCY,2021/04/18 23:58:00,0,0,0,13.9878,0
HKDJPY,CURRENCY,2021/04/19 23:58:00,0,0,0,13.92,0
HKDJPY,CURRENCY,2021/04/20 23:58:00,0,0,0,13.92862,0
HKDJPY,CURRENCY,2021/04/21 23:58:00,0,0,0,13.91533,0
HKDJPY,CURRENCY,2021/04/22 23:58:00,0,0,0,13.91585,0
VDE,NYSEARCA,2021/04/12 16:00:00,67.21,67.79,65.97,66.16,1161214
VDE,NYSEARCA,2021/04/13 16:00:00,66.14,66.57,65.59,66.21,763868
VDE,NYSEARCA,2021/04/14 16:00:00,66.76,69.19,66.75,68.26,807235
VDE,NYSEARCA,2021/04/15 16:00:00,68.39,68.39,67.32,67.71,645585
VDE,NYSEARCA,2021/04/16 16:00:00,68.07,68.26,66.8,67.07,493605
VDE,NYSEARCA,2021/04/19 16:00:00,67.09,67.75,66.37,66.94,709259
VDE,NYSEARCA,2021/04/20 16:00:00,66.86,66.86,64.36,65.04,1457009
VDE,NYSEARCA,2021/04/21 16:00:00,64.31,66.09,63.91,65.96,668641
VDE,NYSEARCA,2021/04/22 16:00:00,66.28,66.28,64.92,65.18,703668
VPU,NYSEARCA,2021/04/12 16:00:00,142.3,143.14,141.82,142.17,156388
VPU,NYSEARCA,2021/04/13 16:00:00,141.78,144.03,141.31,143.83,212461
VPU,NYSEARCA,2021/04/14 16:00:00,143.54,144.4,143.3,144.4,324706
VPU,NYSEARCA,2021/04/15 16:00:00,144.5,146.07,144.48,146.05,329265
VPU,NYSEARCA,2021/04/16 16:00:00,146.49,147.66,146.35,147.12,178192
VPU,NYSEARCA,2021/04/19 16:00:00,147.12,147.39,145.98,146.32,184617
VPU,NYSEARCA,2021/04/20 16:00:00,146.36,148.33,146.32,148.08,226076
VPU,NYSEARCA,2021/04/21 16:00:00,148.02,148.49,146.45,146.86,232080
VPU,NYSEARCA,2021/04/22 16:00:00,146.69,147.28,145.83,145.88,176589
VDC,NYSEARCA,2021/04/12 16:00:00,179.9,180.86,179.9,180.76,109672
VDC,NYSEARCA,2021/04/13 16:00:00,180.12,180.45,179.69,179.93,81671
VDC,NYSEARCA,2021/04/14 16:00:00,179.79,180.05,179.21,179.78,163924
VDC,NYSEARCA,2021/04/15 16:00:00,180.35,181.41,180.35,181.12,161653
VDC,NYSEARCA,2021/04/16 16:00:00,181.89,182.68,181.51,182.44,82727
VDC,NYSEARCA,2021/04/19 16:00:00,182.32,182.5,181.2,181.67,87188
VDC,NYSEARCA,2021/04/20 16:00:00,180.61,182.75,180.07,182.36,193204
VDC,NYSEARCA,2021/04/21 16:00:00,182.6,183.79,182.6,183.31,140533
VDC,NYSEARCA,2021/04/22 16:00:00,183.16,183.22,181.74,181.95,105359
VFH,NYSEARCA,2021/04/12 16:00:00,87.09,87.47,87.03,87.38,592597
VFH,NYSEARCA,2021/04/13 16:00:00,87.01,87.05,86.14,86.58,745997
VFH,NYSEARCA,2021/04/14 16:00:00,86.47,87.8,86.26,87.26,594940
VFH,NYSEARCA,2021/04/15 16:00:00,87.51,87.51,86.28,87.18,652792
VFH,NYSEARCA,2021/04/16 16:00:00,87.89,88.03,87.35,87.76,375294
VFH,NYSEARCA,2021/04/19 16:00:00,87.78,87.97,87.16,87.53,1608420
VFH,NYSEARCA,2021/04/20 16:00:00,87.04,87.06,85.47,85.79,785503
VFH,NYSEARCA,2021/04/21 16:00:00,85.64,87.09,85.25,87.09,578937
VFH,NYSEARCA,2021/04/22 16:00:00,87.13,87.13,85.99,86.15,466669
VCR,NYSEARCA,2021/04/12 16:00:00,309.01,310.85,308.03,310.4,137078
VCR,NYSEARCA,2021/04/13 16:00:00,311.32,313.13,309.89,312.73,118218
VCR,NYSEARCA,2021/04/14 16:00:00,313.53,314.56,309.77,310.15,112485
VCR,NYSEARCA,2021/04/15 16:00:00,312.75,312.75,310.82,312.55,98324
VCR,NYSEARCA,2021/04/16 16:00:00,313.62,315.15,312.28,314.88,103435
VCR,NYSEARCA,2021/04/19 16:00:00,313.61,313.71,310.41,311.34,131152
VCR,NYSEARCA,2021/04/20 16:00:00,310.39,310.75,304.2,306.79,187202
VCR,NYSEARCA,2021/04/21 16:00:00,305.59,311.33,305.09,311.15,98301
VCR,NYSEARCA,2021/04/22 16:00:00,311.58,312.71,307.33,308.55,88142
VAW,NYSEARCA,2021/04/12 16:00:00,175.16,176.11,175.16,175.84,152948
VAW,NYSEARCA,2021/04/13 16:00:00,175.94,175.94,174.46,175.21,129350
VAW,NYSEARCA,2021/04/14 16:00:00,175.3,177.68,175.3,176.62,288320
VAW,NYSEARCA,2021/04/15 16:00:00,177.88,178.96,176.89,178.55,305961
VAW,NYSEARCA,2021/04/16 16:00:00,180.07,181.19,180.07,180.84,133192
VAW,NYSEARCA,2021/04/19 16:00:00,180.81,181.13,178.98,179.86,151011
VAW,NYSEARCA,2021/04/20 16:00:00,179.61,179.91,176.96,177.6,147301
VAW,NYSEARCA,2021/04/21 16:00:00,177.49,181.16,177.44,181.08,129492
VAW,NYSEARCA,2021/04/22 16:00:00,180.8,180.8,177.92,178.17,156712
VHT,NYSEARCA,2021/04/12 16:00:00,230.56,231,229.5,230.41,119505
VHT,NYSEARCA,2021/04/13 16:00:00,230.41,232.43,230.25,232.26,185366
VHT,NYSEARCA,2021/04/14 16:00:00,232.25,233.85,232.22,232.42,200192
VHT,NYSEARCA,2021/04/15 16:00:00,233.61,237.06,233.61,236.72,627047
VHT,NYSEARCA,2021/04/16 16:00:00,237.59,237.97,236.35,237.79,196192
VHT,NYSEARCA,2021/04/19 16:00:00,237.2,237.5,236.11,236.89,212014
VHT,NYSEARCA,2021/04/20 16:00:00,236.21,238.03,236.01,237.55,395878
VHT,NYSEARCA,2021/04/21 16:00:00,238.04,241.01,238.04,240.91,268592
VHT,NYSEARCA,2021/04/22 16:00:00,240.91,242,239.27,239.97,353686
VIS,NYSEARCA,2021/04/12 16:00:00,193.46,194.31,193.1,194.09,226566
VIS,NYSEARCA,2021/04/13 16:00:00,193.69,193.8,191.97,193.26,189116
VIS,NYSEARCA,2021/04/14 16:00:00,193.5,194.83,193.34,193.55,173695
VIS,NYSEARCA,2021/04/15 16:00:00,194.45,194.64,193,194.19,177366
VIS,NYSEARCA,2021/04/16 16:00:00,195.48,196,194.19,195.06,116095
VIS,NYSEARCA,2021/04/19 16:00:00,194.65,194.65,192.99,193.82,134154
VIS,NYSEARCA,2021/04/20 16:00:00,193.67,193.85,190.47,191.55,147812
VIS,NYSEARCA,2021/04/21 16:00:00,191.44,194.33,191.22,194.33,207061
VIS,NYSEARCA,2021/04/22 16:00:00,194.55,195.99,193.39,193.51,150309
VGT,NYSEARCA,2021/04/12 16:00:00,380.89,381.86,378.52,380.69,362514
VGT,NYSEARCA,2021/04/13 16:00:00,382.08,385,381.67,384.79,441593
VGT,NYSEARCA,2021/04/14 16:00:00,385,385.48,379.86,380.62,491998
VGT,NYSEARCA,2021/04/15 16:00:00,384.37,387.32,384.37,387.09,417486
VGT,NYSEARCA,2021/04/16 16:00:00,388.04,388.04,385,386.49,322732
VGT,NYSEARCA,2021/04/19 16:00:00,384.81,386.65,380.56,382.84,369368
VGT,NYSEARCA,2021/04/20 16:00:00,382.06,383.69,376.88,378.96,481333
VGT,NYSEARCA,2021/04/21 16:00:00,378.13,383.15,377.38,382.95,655617
VGT,NYSEARCA,2021/04/22 16:00:00,382.5,384.99,377.62,379.39,589984
VOX,NYSEARCA,2021/04/12 16:00:00,136.42,136.45,135.4,136.09,208378
VOX,NYSEARCA,2021/04/13 16:00:00,136.24,136.55,135.99,136.18,324863
VOX,NYSEARCA,2021/04/14 16:00:00,136.18,136.52,134.98,135.23,72861
VOX,NYSEARCA,2021/04/15 16:00:00,136.07,137.11,135.89,136.83,230841
VOX,NYSEARCA,2021/04/16 16:00:00,137.52,137.52,136.08,136.62,71363
VOX,NYSEARCA,2021/04/19 16:00:00,136.48,136.89,135.1,135.95,120559
VOX,NYSEARCA,2021/04/20 16:00:00,135.88,135.88,133.87,134.78,207340
VOX,NYSEARCA,2021/04/21 16:00:00,134.11,135.13,133.5,135.1,136563
VOX,NYSEARCA,2021/04/22 16:00:00,135.48,135.83,133.86,134.49,84147